id,name,model_id:id,group_id:id,perm_read,perm_write,perm_create,perm_unlink
access_school_student,school.student,model_school_student,,1,1,1,1
access_staff,staff,model_staff,,1,1,1,1
access_school.department,school.department,model_school_department,,1,1,1,1
access_school.job.position,school.job.position,model_school_job_position,,1,1,1,1
access_school.subject,school.subject,model_school_subject,,1,1,1,1
access_academic.year,academic.year,model_academic_year,,1,1,1,1
access_school.class,school.class,model_school_class,,1,1,1,1
access_school.section,school.section,model_school_section,,1,1,1,1
access_enrollment,enrollment,model_enrollment,,1,1,1,1
access_school.period,school.period,model_school_period,,1,1,1,1
access_school.time.table,school.time.table,model_school_time_table,,1,1,1,1
access_school.time.table.line,school.time.table.line,model_school_time_table_line,,1,1,1,1
access_school.attendance,school.attendance,model_school_attendance,,1,1,1,1
access_school.attendance.line,school.attendance.line,model_school_attendance_line,,1,1,1,1
access_school.exam,school.exam,model_school_exam,,1,1,1,1
access_school.exam.question,school.exam.question,model_school_exam_question,,1,1,1,1
access_school.exam.question.choice,school.exam.question.choice,model_school_exam_question_choice,,1,1,1,1
access_school.exam.results,school.exam.results,model_school_exam_results,,1,1,1,1
